{
  "part": "XVI",
  "title": "Surrogate Study \u2014 Week 3",
  "timestamp": "2026-03-20T19:31:50.344441+00:00",
  "dataset": {
    "n_designs": 200,
    "latent_dim": 8,
    "targets": [
      "Cd",
      "Cl",
      "Cm",
      "L_D"
    ],
    "n_train": 127,
    "n_val": 32,
    "n_ood": 41,
    "geometry_families": 5
  },
  "models": {
    "Ridge": {
      "Cd": {
        "MAE_val": 0.46084407598407773,
        "MAE_ood": 0.6008166985133195,
        "R2_val": -0.21253720095991002,
        "R2_ood": -0.5335488941546316
      },
      "Cl": {
        "MAE_val": 9.702412604431515,
        "MAE_ood": 7.638415005233506,
        "R2_val": 0.03629741987677537,
        "R2_ood": -0.1200504028929863
      },
      "Cm": {
        "MAE_val": 0.013239877757051925,
        "MAE_ood": 0.016701856335017633,
        "R2_val": 0.9935197101382593,
        "R2_ood": 0.9807682517241474
      },
      "L_D": {
        "MAE_val": 79.93559303814732,
        "MAE_ood": 74.3424007717945,
        "R2_val": -0.052339375191179816,
        "R2_ood": -0.0056959895426651475
      }
    },
    "MLP": {
      "Cd": {
        "MAE_val": 0.6991969462842398,
        "MAE_ood": 0.7707002897964066,
        "R2_val": -2.5023295345850545,
        "R2_ood": -1.0261444118214103
      },
      "Cl": {
        "MAE_val": 5.085082900181594,
        "MAE_ood": 8.154662491316255,
        "R2_val": 0.7564605553980317,
        "R2_ood": -0.0986820780275659
      },
      "Cm": {
        "MAE_val": 0.3438353508667982,
        "MAE_ood": 0.2994258506234919,
        "R2_val": -3.0516326672476426,
        "R2_ood": -3.5926680888288125
      },
      "L_D": {
        "MAE_val": 40.8582443587473,
        "MAE_ood": 127.20320875530825,
        "R2_val": 0.7599699077093502,
        "R2_ood": -1.9901028646545167
      }
    },
    "TT-Head": {
      "Cd": {
        "MAE_val": 0.9726638127623144,
        "MAE_ood": 1.282468937040549,
        "R2_val": -4.572025765651127,
        "R2_ood": -4.250704922282249
      },
      "Cl": {
        "MAE_val": 4.427591006910574,
        "MAE_ood": 7.325014714029946,
        "R2_val": 0.8051727878253929,
        "R2_ood": -0.16067663864572923
      },
      "Cm": {
        "MAE_val": 1.0034626379429574,
        "MAE_ood": 1.315804958465693,
        "R2_val": -33.281825837001556,
        "R2_ood": -82.01107755542574
      },
      "L_D": {
        "MAE_val": 50.170753685893615,
        "MAE_ood": 90.88611233657201,
        "R2_val": 0.6217960177768587,
        "R2_ood": -0.5333580984955797
      }
    }
  },
  "uq": {
    "n_ensemble": 5,
    "calibration_errors": {
      "val": {
        "Cd": 0.06001644736842103,
        "Cl": 0.28093749999999995,
        "Cm": 0.19093750000000004,
        "L_D": 0.08626973684210525
      },
      "ood": {
        "Cd": 0.12327984595635426,
        "Cl": 0.3303658536585366,
        "Cm": 0.18548780487804878,
        "L_D": 0.2852439024390244
      }
    },
    "sharpness_val": {
      "Cd": 1.5184603825871368,
      "Cl": 9.131454396676089,
      "Cm": 1.302737850930746,
      "L_D": 120.77075649574509
    },
    "sharpness_ood": {
      "Cd": 1.9188661766068096,
      "Cl": 20.81780996476955,
      "Cm": 2.223637816679143,
      "L_D": 318.7150853154739
    }
  },
  "ranking": {
    "Ridge": {
      "val": {
        "rho_LD": 0.059384164222873896,
        "rho_Cd": 0.18841642228739003,
        "rho_Cl": 0.26392961876832843
      },
      "ood": {
        "rho_LD": 0.0991289198606272,
        "rho_Cd": -0.6576655052264809,
        "rho_Cl": -0.2020905923344948
      }
    },
    "MLP": {
      "val": {
        "rho_LD": 0.593475073313783,
        "rho_Cd": 0.016129032258064516,
        "rho_Cl": 0.814516129032258
      },
      "ood": {
        "rho_LD": 0.455226480836237,
        "rho_Cd": -0.17874564459930317,
        "rho_Cl": 0.717247386759582
      }
    },
    "TT-Head": {
      "val": {
        "rho_LD": 0.6052052785923754,
        "rho_Cd": -0.022727272727272724,
        "rho_Cl": 0.7353372434017594
      },
      "ood": {
        "rho_LD": 0.6106271777003486,
        "rho_Cd": 0.19041811846689902,
        "rho_Cl": 0.8236933797909409
      }
    },
    "Ensemble": {
      "val": {
        "rho_LD": 0.7140762463343108,
        "rho_Cd": 0.5780791788856304,
        "rho_Cl": 0.8680351906158357
      },
      "ood": {
        "rho_LD": 0.6059233449477353,
        "rho_Cd": -0.09895470383275264,
        "rho_Cl": 0.809233449477352
      }
    }
  },
  "feasibility": {
    "Ridge": {
      "val": {
        "recall": 0.0,
        "precision": 0.0,
        "f1": 0.0,
        "tp": 0,
        "fn": 0,
        "fp": 0,
        "tn": 32
      },
      "ood": {
        "recall": 0.0,
        "precision": 0.0,
        "f1": 0.0,
        "tp": 0,
        "fn": 1,
        "fp": 0,
        "tn": 40
      }
    },
    "MLP": {
      "val": {
        "recall": 0.0,
        "precision": 0.0,
        "f1": 0.0,
        "tp": 0,
        "fn": 0,
        "fp": 0,
        "tn": 32
      },
      "ood": {
        "recall": 0.0,
        "precision": 0.0,
        "f1": 0.0,
        "tp": 0,
        "fn": 1,
        "fp": 0,
        "tn": 40
      }
    },
    "TT-Head": {
      "val": {
        "recall": 0.0,
        "precision": 0.0,
        "f1": 0.0,
        "tp": 0,
        "fn": 0,
        "fp": 2,
        "tn": 30
      },
      "ood": {
        "recall": 0.0,
        "precision": 0.0,
        "f1": 0.0,
        "tp": 0,
        "fn": 1,
        "fp": 6,
        "tn": 34
      }
    },
    "Ensemble": {
      "val": {
        "recall": 0.0,
        "precision": 0.0,
        "f1": 0.0,
        "tp": 0,
        "fn": 0,
        "fp": 0,
        "tn": 32
      },
      "ood": {
        "recall": 0.0,
        "precision": 0.0,
        "f1": 0.0,
        "tp": 0,
        "fn": 1,
        "fp": 0,
        "tn": 40
      }
    }
  },
  "promoted_models": [],
  "promotion_criteria": {
    "rank_threshold": 0.85,
    "recall_threshold": 0.9
  }
}